-- ===============================================================
-- 1. Filters 테이블 더미 데이터 (20개) - 시간 컬럼 제외
-- ===============================================================
-- INSERT INTO Filters (id, word)
-- VALUES (1, '비속어1'),
--        (2, '비속어2'),
--        (3, '광고'),
--        (4, '스팸'),
--        (5, '도배'),
--        (6, '욕설1'),
--        (7, '욕설2'),
--        (8, '사기'),
--        (9, '불법'),
--        (10, '성인'),
--        (11, '정치인비하'),
--        (12, '악플1'),
--        (13, '악플2'),
--        (14, '도박'),
--        (15, '마약'),
--        (16, '개인정보'),
--        (17, '비방'),
--        (18, '허위사실'),
--        (19, '사칭'),
--        (20, '공격적언어');

-- ===============================================================
-- 2. Users 테이블 더미 데이터 (20개, ID 2번부터 21번까지, 전부 ROLE_USER)
-- ===============================================================
INSERT INTO users (id, user_id, password, email, date_of_birth, gender, call_num, role, level, chat_custom,
                   kakao_account_link, google_account_link, created_at, updated_at)
VALUES
       (2, 'user02', 'hash_pwd_2', 'habyss0@about.com', '1996-07-26', 'Male', '010-1234-5672', 'ROLE_USER', 2, 'custom_style_2',
        'kakao_link_2', NULL, '2026-01-12 14:20:30', '2026-02-15 11:00:00'),
       (3, 'user03', 'hash_pwd_3', 'asoames1@mozilla.com', '1994-11-05', 'Female', '010-1234-5673', 'ROLE_USER', 1, NULL, NULL, NULL,
        '2026-01-15 18:45:12', '2026-01-15 18:45:12'),
       (4, 'user04', 'hash_pwd_4', 'nsangar2@dot.gov', '1998-01-22', 'Female', '010-1234-5674', 'ROLE_USER', 3, 'custom_style_4',
        'kakao_link_4', 'google_link_4', '2026-01-20 10:30:00', '2026-03-01 09:00:00'),
       (5, 'user05', 'hash_pwd_5', 'kstodhart3@yahoo.co.jp', '2000-05-14', 'Male', '010-1234-5675', 'ROLE_USER', 1, NULL, NULL, NULL,
        '2026-01-22 22:11:05', '2026-01-22 22:11:05'),
       (6, 'user06', 'hash_pwd_6', 'abruckner4@prweb.com', '1993-09-30', 'Female', '010-1234-5676', 'ROLE_USER', 2, NULL, NULL,
        'google_link_6', '2026-02-01 11:15:22', '2026-02-10 16:40:00'),
       (7, 'user07', 'hash_pwd_7', 'abruff5@ox.ac.uk', '1991-04-18', 'Male', '010-1234-5677', 'ROLE_USER', 1, NULL, NULL, NULL,
        '2026-02-02 09:00:00', '2026-02-02 09:00:00'),
       (8, 'user08', 'hash_pwd_8', 'shaylett6@ehow.com', '1992-12-25', 'Male', '010-1234-5678', 'ROLE_USER', 1, NULL, 'kakao_link_8',
        NULL, '2026-02-03 15:33:11', '2026-02-03 15:33:11'),
       (9, 'user09', 'hash_pwd_9', 'hthouless7@indiatimes.com', '1997-02-14', 'Female', '010-1234-5679', 'ROLE_USER', 1, NULL, NULL, NULL,
        '2026-02-05 19:20:45', '2026-02-05 19:20:45'),
       (10, 'user10', 'hash_pwd_10', 'pdiboldi8@ed.gov', '1999-08-08', 'Female', '010-1234-5680', 'ROLE_USER', 2, 'custom_style_10',
        NULL, 'google_link_10', '2026-02-08 13:12:00', '2026-04-12 17:22:30'),
       (11, 'user11', 'hash_pwd_11', 'bjime9@hubpages.com', '1996-03-03', 'Male', '010-1234-5681', 'ROLE_USER', 1, NULL, NULL, NULL,
        '2026-02-12 08:45:00', '2026-02-12 08:45:00'),
       (12, 'user12', 'hash_pwd_12', 'cstapleya@eepurl.com', '1994-05-05', 'Male', '010-1234-5682', 'ROLE_USER', 1, NULL,
        'kakao_link_12', NULL, '2026-02-14 21:05:14', '2026-02-14 21:05:14'),
       (13, 'user13', 'hash_pwd_13', 'hkinnyb@gravatar.com', '1995-06-06', 'Female', '010-1234-5683', 'ROLE_USER', 3, 'custom_style_13',
        NULL, 'google_link_13', '2026-02-18 16:50:00', '2026-05-20 11:40:15'),
       (14, 'user14', 'hash_pwd_14', 'afriedc@1688.com', '1998-07-07', 'Female', '010-1234-5684', 'ROLE_USER', 1, NULL, NULL, NULL,
        '2026-02-22 10:25:33', '2026-02-22 10:25:33'),
       (15, 'user15', 'hash_pwd_15', 'mhogbend@last.fm', '1993-02-20', 'Male', '010-1234-5685', 'ROLE_USER', 2, NULL,
        'kakao_link_15', 'google_link_15', '2026-02-25 14:12:40', '2026-03-15 15:30:00'),
       (16, 'user16', 'hash_pwd_16', 'hrogiere@netscape.com', '1990-10-10', 'Male', '010-1234-5686', 'ROLE_USER', 1, NULL, NULL, NULL,
        '2026-03-02 11:55:00', '2026-03-02 11:55:00'),
       (17, 'user17', 'hash_pwd_17', 'dgoudief@cornell.edu', '1991-11-11', 'Male', '010-1234-5687', 'ROLE_USER', 1, NULL, NULL, NULL,
        '2026-03-05 13:40:22', '2026-03-05 13:40:22'),
       (18, 'user18', 'hash_pwd_18', 'jwhannelg@weebly.com', '1989-12-12', 'Male', '010-1234-5688', 'ROLE_USER', 1, NULL, NULL, NULL,
        '2026-03-08 09:15:00', '2026-03-08 09:15:00'),
       (19, 'user19', 'hash_pwd_19', 'bhanbidgeh@topsy.com', '1996-04-15', 'Female', '010-1234-5689', 'ROLE_USER', 2, 'custom_style_19',
        'kakao_link_19', NULL, '2026-03-10 17:05:00', '2026-04-20 10:15:45'),
       (20, 'user20', 'hash_pwd_20', 'bbuckenhilli@nih.gov', '1997-01-01', 'Male', '010-1234-5690', 'ROLE_USER', 1, NULL, NULL,
        'google_link_20', '2026-03-12 19:30:55', '2026-03-12 19:30:55'),
       (21, 'user21', 'hash_pwd_21', 'rforemanj@taobao.com', '1995-08-24', 'Male', '010-1234-5691', 'ROLE_USER', 1, NULL, NULL, NULL,
        '2026-03-15 14:22:10', '2026-03-15 14:22:10');

-- ===============================================================
-- 3. Posts 테이블 더미 데이터 (20개) - user_id는 2~21 참조
-- ===============================================================
INSERT INTO posts (id, location, altitude, text, image_url, users_id, like_num, marker_custom, box_custom, created_at,
                   updated_at)
VALUES (1, ST_GeomFromText('POINT(37.5665 126.9780)'), 15, '오늘 날씨 정말 좋네요!', 'http://img.com/p1.jpg', 2, 5, 'marker_red',
        'box_blue', '2026-01-13 10:00:00', '2026-01-13 10:05:00'),
       (2, ST_GeomFromText('POINT(37.5655 126.9770)'), 20, '맛있는 점심 추천 받습니다.', NULL, 2, 12, NULL, NULL,
        '2026-02-16 12:30:22', '2026-02-16 12:30:22'),
       (3, ST_GeomFromText('POINT(35.1796 129.0756)'), 5, '부산 바다 보러 왔어요.', 'http://img.com/p3.jpg', 3, 25,
        'marker_star', 'box_green', '2026-01-16 15:40:11', '2026-01-16 16:20:00'),
       (4, ST_GeomFromText('POINT(37.4563 126.7052)'), 10, '인천 공항 사람 많네요.', 'http://img.com/p4.jpg', 4, 3, NULL, NULL,
        '2026-03-02 08:22:45', '2026-03-02 08:22:45'),
       (5, ST_GeomFromText('POINT(36.3504 127.3845)'), 35, '대전 성심당 튀소 존맛', NULL, 5, 40, 'marker_bread', 'box_yellow',
        '2026-01-23 11:50:33', '2026-01-23 13:10:12'),
       (6, ST_GeomFromText('POINT(37.5665 126.9780)'), 12, '강남역 근처 카페 투어 중', 'http://img.com/p6.jpg', 6, 8, NULL, NULL,
        '2026-02-11 14:15:00', '2026-02-11 14:15:00'),
       (7, ST_GeomFromText('POINT(37.5411 127.0681)'), 8, '성수동 팝업스토어 대기 줄 기네요.', NULL, 8, 1, 'marker_dot', NULL,
        '2026-02-04 16:05:19', '2026-02-04 16:05:19'),
       (8, ST_GeomFromText('POINT(37.5112 127.0981)'), 50, '롯데타워 전망대 뷰 최고!', 'http://img.com/p8.jpg', 9, 55,
        'marker_tower', 'box_gold', '2026-02-06 20:30:00', '2026-02-07 10:15:00'),
       (9, ST_GeomFromText('POINT(33.4996 126.5312)'), 200, '제주도 한라산 등반 중입니다.', 'http://img.com/p9.jpg', 10, 34, NULL,
        NULL, '2026-04-13 09:11:40', '2026-04-13 09:11:40'),
       (10, ST_GeomFromText('POINT(37.5665 126.9780)'), 15, '홍대 버스킹 구경하는 사람 많음', NULL, 11, 7, NULL, NULL,
        '2026-02-13 19:45:55', '2026-02-13 20:00:00'),
       (11, ST_GeomFromText('POINT(37.3948 127.1111)'), 45, '판교 테크노밸리 출근길...', NULL, 12, 2, 'marker_work', 'box_gray',
        '2026-02-15 08:02:11', '2026-02-15 08:02:11'),
       (12, ST_GeomFromText('POINT(37.2636 127.0286)'), 30, '수원 화성 성곽길 산책 코스 추천', 'http://img.com/p12.jpg', 13, 19,
        NULL, NULL, '2026-05-21 15:22:34', '2026-05-21 15:22:34'),
       (13, ST_GeomFromText('POINT(37.4979 127.0276)'), 14, '퇴근길 지하철 지옥철이네요.', NULL, 14, 15, NULL, NULL,
        '2026-02-23 18:30:00', '2026-02-23 18:45:10'),
       (14, ST_GeomFromText('POINT(35.1587 129.1604)'), 3, '해운대 더베이 야경 예쁩니다.', 'http://img.com/p14.jpg', 15, 22,
        'marker_heart', 'box_pink', '2026-03-16 21:10:05', '2026-03-16 21:10:05'),
       (15, ST_GeomFromText('POINT(37.5204 126.9265)'), 11, '여의도 한강공원 피크닉', 'http://img.com/p15.jpg', 16, 18, NULL,
        NULL, '2026-03-03 13:14:25', '2026-03-03 14:00:00'),
       (16, ST_GeomFromText('POINT(37.7511 128.8761)'), 0, '강릉 안목해변 커피거리 도착!', NULL, 17, 13, NULL, NULL,
        '2026-03-06 11:40:00', '2026-03-06 11:40:00'),
       (17, ST_GeomFromText('POINT(35.8714 128.6014)'), 40, '대구 진짜 덥네요 대프리카 실감', NULL, 19, 9, 'marker_sun', 'box_red',
        '2026-04-21 14:55:12', '2026-04-21 14:55:12'),
       (18, ST_GeomFromText('POINT(35.1461 126.8383)'), 25, '광주 상무지구 맛집 탐방', 'http://img.com/p18.jpg', 20, 11, NULL,
        NULL, '2026-03-13 12:05:44', '2026-03-13 12:35:00'),
       (19, ST_GeomFromText('POINT(37.5665 126.9780)'), 16, '가로수길 가볼 만한 곳 있나요?', NULL, 21, 4, NULL, NULL,
        '2026-03-16 17:18:29', '2026-03-16 17:18:29'),
       (20, ST_GeomFromText('POINT(37.5340 126.9942)'), 55, '이태원 루프탑 바 분위기 좋네요.', 'http://img.com/p20.jpg', 2, 30,
        'marker_wine', 'box_purple', '2026-02-17 23:45:00', '2026-02-18 01:20:00');

-- ===============================================================
-- 4. Bans 테이블 더미 데이터 (20개)
-- ===============================================================
INSERT INTO bans (id, reason, ip, users_id, ttl, created_at, updated_at)
VALUES (1, '스팸 링크 도배', '192.168.1.10', 3, 3600, '2026-01-16 19:00:00', '2026-01-16 19:00:00'),
       (2, '타인에 대한 욕설', '192.168.1.15', 5, 7200, '2026-01-24 08:30:15', '2026-01-24 08:30:15'),
       (3, '광고성 게시글 작성', '172.16.21.4', 6, 86400, '2026-02-12 10:45:22', '2026-02-12 10:45:22'),
       (4, '부적절한 닉네임 사용', '211.234.55.12', 9, 1800, '2026-02-06 00:15:34', '2026-02-06 00:15:34'),
       (5, '운영자 사칭', '112.145.90.3', 11, 172800, '2026-02-14 11:22:00', '2026-02-14 11:22:00'),
       (6, '동일 텍스트 반복 전송', '192.168.1.50', 14, 3600, '2026-02-24 15:40:11', '2026-02-24 15:40:11'),
       (7, '허위 사실 유포', '180.66.77.88', 16, 43200, '2026-03-04 16:12:45', '2026-03-04 16:12:45'),
       (8, '음란성 문구 사용', '220.73.12.45', 17, 86400, '2026-03-07 23:50:00', '2026-03-07 23:50:00'),
       (9, '시스템 취약점 악용 시도', '14.32.112.5', 20, 604800, '2026-03-14 03:20:10', '2026-03-14 03:20:10'),
       (10, '사기 유도 행위', '192.168.1.101', 3, 172800, '2026-01-18 14:05:55', '2026-01-18 14:05:55'),
       (11, '비방 목적의 게시글', '192.168.1.15', 5, 3600, '2026-01-25 21:11:30', '2026-01-25 21:11:30'),
       (12, '도배 및 서비스 방해', '172.16.21.4', 6, 7200, '2026-02-13 13:14:00', '2026-02-13 13:14:00'),
       (13, '개인정보 유출 위험 행위', '211.234.55.12', 9, 86400, '2026-02-08 09:44:18', '2026-02-08 09:44:18'),
       (14, '불법 프로그램 홍보', '112.145.90.3', 11, 604800, '2026-02-16 17:55:00', '2026-02-16 17:55:00'),
       (15, '타 유저 스토킹성 채팅', '192.168.1.50', 14, 43200, '2026-02-26 22:30:45', '2026-02-26 22:30:45'),
       (16, '악의적인 신고 남발', '180.66.77.88', 16, 1800, '2026-03-05 10:05:12', '2026-03-05 10:05:12'),
       (17, '상업적 홍보 부적절 계정', '220.73.12.45', 17, 86400, '2026-03-09 14:22:33', '2026-03-09 14:22:33'),
       (18, '공격적 언어 사용', '14.32.112.5', 20, 3600, '2026-03-16 11:50:00', '2026-03-16 11:50:00'),
       (19, '지속적인 어그로 행위', '192.168.1.10', 3, 7200, '2026-01-20 16:40:22', '2026-01-20 16:40:22'),
       (20, '게시판 규칙 반복 위반', '192.168.1.15', 5, 86400, '2026-01-28 13:15:00', '2026-01-28 13:15:00');

-- ===============================================================
-- 5. Chats 테이블 더미 데이터 (20개)
-- ===============================================================
INSERT INTO chats (id, text, location, ip, users_id, created_at, updated_at)
VALUES (1, '안녕하세요! 반갑습니다.', ST_GeomFromText('POINT(37.5665 126.9780)'), '192.168.0.1', 2, '2026-01-13 10:30:00',
        '2026-01-13 10:30:00'),
       (2, '혹시 강남역 근처이신 분?', ST_GeomFromText('POINT(37.4979 127.0276)'), '192.168.0.2', 2, '2026-01-13 11:15:22',
        '2026-01-13 11:15:22'),
       (3, '치킨 먹고 싶다...', ST_GeomFromText('POINT(35.1796 129.0756)'), '192.168.0.3', 3, '2026-01-16 19:40:15',
        '2026-01-16 19:40:15'),
       (4, '오늘 정모 장소가 어디인가요?', ST_GeomFromText('POINT(37.5411 127.0681)'), '192.168.0.4', 4, '2026-01-21 14:05:00',
        '2026-01-21 14:05:00'),
       (5, '날씨가 너무 덥네요.', ST_GeomFromText('POINT(35.8714 128.6014)'), '192.168.0.5', 5, '2026-01-23 15:22:44',
        '2026-01-23 15:22:44'),
       (6, '커피 한잔 하실 분 계신가요?', ST_GeomFromText('POINT(37.5204 126.9265)'), '192.168.0.6', 6, '2026-02-02 12:50:11',
        '2026-02-02 12:50:11'),
       (7, '저 지금 도착했습니다!', ST_GeomFromText('POINT(37.3948 127.1111)'), '192.168.0.7', 8, '2026-02-04 10:11:33',
        '2026-02-04 10:11:33'),
       (8, '길을 잃었는데 도와주세요 ㅜㅜ', ST_GeomFromText('POINT(33.4996 126.5312)'), '192.168.0.8', 9, '2026-02-06 18:30:00',
        '2026-02-06 18:30:00'),
       (9, '여기 맛집 이름이 뭐였죠?', ST_GeomFromText('POINT(37.2636 127.0286)'), '192.168.0.9', 10, '2026-02-09 21:05:55',
        '2026-02-09 21:05:55'),
       (10, '지하철 연착되었네요 휴', ST_GeomFromText('POINT(37.4979 127.0276)'), '192.168.0.10', 11, '2026-02-13 08:50:12',
        '2026-02-13 08:50:12'),
       (11, '다들 주말에 뭐하시나요?', ST_GeomFromText('POINT(37.5665 126.9780)'), '192.168.0.11', 12, '2026-02-15 13:40:00',
        '2026-02-15 13:40:00'),
       (12, '영화 추천 좀 해주세요.', ST_GeomFromText('POINT(35.1587 129.1604)'), '192.168.0.12', 13, '2026-02-19 19:12:45',
        '2026-02-19 19:12:45'),
       (13, '보드게임 같이 하실 분?', ST_GeomFromText('POINT(36.3504 127.3845)'), '192.168.0.13', 14, '2026-02-23 16:00:22',
        '2026-02-23 16:00:22'),
       (14, '갑자기 비 오기 시작해요!', ST_GeomFromText('POINT(37.4563 126.7052)'), '192.168.0.14', 15, '2026-02-26 11:25:30',
        '2026-02-26 11:25:30'),
       (15, '노래방 가고 싶다~', ST_GeomFromText('POINT(37.5340 126.9942)'), '192.168.0.15', 16, '2026-03-03 22:15:00',
        '2026-03-03 22:15:00'),
       (16, '풍경 사진 공유합니다.', ST_GeomFromText('POINT(37.7511 128.8761)'), '192.168.0.16', 17, '2026-03-06 14:50:11',
        '2026-03-06 14:50:11'),
       (17, '이 근처 주차장 정보 아시는 분?', ST_GeomFromText('POINT(37.5112 127.0981)'), '192.168.0.17', 19, '2026-03-11 16:22:40',
        '2026-03-11 16:22:40'),
       (18, '다들 좋은 하루 보내세요!', ST_GeomFromText('POINT(35.1461 126.8383)'), '192.168.0.18', 20, '2026-03-14 10:05:00',
        '2026-03-14 10:05:00'),
       (19, '지금 버스 줄 엄청 길어요.', ST_GeomFromText('POINT(37.5665 126.9780)'), '192.168.0.19', 2, '2026-01-13 12:44:35',
        '2026-01-13 12:44:35'),
       (20, '배고픈데 근처 편의점 어디 있나요?', ST_GeomFromText('POINT(37.4979 127.0276)'), '192.168.0.20', 2, '2026-01-14 09:30:12',
        '2026-01-14 09:30:12');

-- ===============================================================
-- 6. PostLikes 테이블 더미 데이터 (20개)
-- ===============================================================
INSERT INTO post_likes (id, posts_id, users_id, created_at, updated_at)
VALUES (1, 1, 2, '2026-01-13 10:30:00', '2026-01-13 10:30:00'),
       (2, 1, 3, '2026-01-13 11:15:22', '2026-01-13 11:15:22'),
       (3, 1, 4, '2026-01-21 09:40:15', '2026-01-21 09:40:15'),
       (4, 2, 2, '2026-02-16 13:05:00', '2026-02-16 13:05:00'),
       (5, 2, 5, '2026-02-17 14:22:44', '2026-02-17 14:22:44'),
       (6, 3, 2, '2026-01-16 17:00:11', '2026-01-16 17:00:11'),
       (7, 3, 2, '2026-01-17 10:11:33', '2026-01-17 10:11:33'),
       (8, 3, 6, '2026-02-02 15:30:00', '2026-02-02 15:30:00'),
       (9, 3, 10, '2026-02-09 09:05:55', '2026-02-09 09:05:55'),
       (10, 4, 12, '2026-03-02 14:50:12', '2026-03-02 14:50:12'),
       (11, 5, 2, '2026-01-23 14:10:00', '2026-01-23 14:10:00'),
       (12, 5, 3, '2026-01-24 11:12:45', '2026-01-24 11:12:45'),
       (13, 6, 8, '2026-02-11 16:00:22', '2026-02-11 16:00:22'),
       (14, 8, 9, '2026-02-07 11:25:30', '2026-02-07 11:25:30'),
       (15, 8, 13, '2026-02-19 10:15:00', '2026-02-19 10:15:00'),
       (16, 9, 14, '2026-04-13 14:50:11', '2026-04-13 14:50:11'),
       (17, 12, 2, '2026-05-22 16:22:40', '2026-05-22 16:22:40'),
       (18, 14, 15, '2026-03-17 10:05:00', '2026-03-17 10:05:00'),
       (19, 15, 16, '2026-03-03 15:44:35', '2026-03-03 15:44:35'),
       (20, 20, 2, '2026-02-18 02:30:12', '2026-02-18 02:30:12');

-- ===============================================================
-- 7. Reports 테이블 더미 데이터 (20개)
-- ===============================================================
INSERT INTO reports (id, text, posts_id, chats_id, users_id, processed, created_at, updated_at)
VALUES (1, '이 게시글 비속어가 포함되어 있습니다.', 1, NULL, 4, FALSE, '2026-01-13 11:00:00', '2026-01-13 11:00:00'),
       (2, '채팅방에서 심한 욕설을 합니다.', NULL, 2, 3, TRUE, '2026-01-13 12:15:22', '2026-01-14 09:00:00'),
       (3, '상업적 스팸 게시글 신고합니다.', 4, NULL, 6, FALSE, '2026-03-02 09:40:15', '2026-03-02 09:40:15'),
       (4, '도배 채팅이 심각합니다.', NULL, 5, 2, FALSE, '2026-01-23 16:05:00', '2026-01-23 16:05:00'),
       (5, '성인 광고성 링크 게시물입니다.', 7, NULL, 10, TRUE, '2026-02-04 17:22:44', '2026-02-05 10:30:00'),
       (6, '타인 비방 채팅 신고', NULL, 8, 12, FALSE, '2026-02-06 19:00:11', '2026-02-06 19:00:11'),
       (7, '허위 사실 유포 게시글', 11, NULL, 13, FALSE, '2026-02-15 10:11:33', '2026-02-15 10:11:33'),
       (8, '공격적인 언행을 일삼는 채팅', NULL, 10, 14, FALSE, '2026-02-13 15:30:00', '2026-02-13 15:30:00'),
       (9, '사기 의심 게시글입니다.', 13, NULL, 2, TRUE, '2026-02-23 19:05:55', '2026-02-24 11:00:00'),
       (10, '음란성 문구 사용 채팅', NULL, 15, 19, FALSE, '2026-03-03 23:50:12', '2026-03-03 23:50:12'),
       (11, '게시글 내 개인정보 노출', 2, NULL, 5, FALSE, '2026-02-16 13:40:00', '2026-02-16 13:40:00'),
       (12, '정치적 비하 발언 채팅', NULL, 3, 8, FALSE, '2026-01-16 20:12:45', '2026-01-16 20:12:45'),
       (13, '광고성 도배 게시글', 6, NULL, 9, TRUE, '2026-02-11 16:00:22', '2026-02-12 09:15:00'),
       (14, '불법 사이트 홍보 채팅', NULL, 14, 11, FALSE, '2026-02-26 12:25:30', '2026-02-26 12:25:30'),
       (15, '이해할 수 없는 도배글', 17, NULL, 20, FALSE, '2026-04-21 15:15:00', '2026-04-21 15:15:00'),
       (16, '스토킹성 불쾌한 채팅', NULL, 20, 2, FALSE, '2026-01-14 10:50:11', '2026-01-14 10:50:11'),
       (17, '사칭 계정 의심 게시글', 19, NULL, 15, TRUE, '2026-01-12 18:22:40', '2026-01-13 14:00:00'),
       (18, '욕설 및 비하 텍스트 채팅', NULL, 1, 16, FALSE, '2026-01-13 11:05:00', '2026-01-13 11:05:00'),
       (19, '불법 프로그램 판매 게시물', 8, NULL, 17, FALSE, '2026-02-07 12:44:35', '2026-02-07 12:44:35'),
       (20, '악의적인 도배성 채팅', NULL, 11, 2, FALSE, '2026-02-15 14:30:12', '2026-02-15 14:30:12');
